{"default": {"n_partition": 2, "n_items": [17, 13], "exe_time": 0.05126786231994629}, "customized": {"n_partition": 30, "n_items": [0, 0, 2, 1, 1, 1, 1, 2, 2, 0, 0, 0, 1, 3, 1, 0, 0, 2, 1, 0, 1, 0, 2, 2, 1, 2, 1, 0, 3, 0], "exe_time": 0.0382080078125}}